{
  "system": "Windows-11-10.0.22621-SP0",
  "architecture": [
    "64bit",
    "WindowsPE"
  ],
  "python": "3.12.2",
  "cwd": "D:\\9. Learn\\github.io",
  "command": "mkdocs build",
  "env:$PYTHONPATH": "",
  "sys.path": [
    "C:\\Users\\quanbm\\AppData\\Local\\Programs\\Python\\Python312\\Scripts\\mkdocs.exe",
    "C:\\Users\\quanbm\\AppData\\Local\\Programs\\Python\\Python312\\python312.zip",
    "C:\\Users\\quanbm\\AppData\\Local\\Programs\\Python\\Python312\\DLLs",
    "C:\\Users\\quanbm\\AppData\\Local\\Programs\\Python\\Python312\\Lib",
    "C:\\Users\\quanbm\\AppData\\Local\\Programs\\Python\\Python312",
    "C:\\Users\\quanbm\\AppData\\Local\\Programs\\Python\\Python312\\Lib\\site-packages"
  ],
  "excluded_entries": [
    "^/site/ - /site/"
  ]
}